image_id,# of objects,# of attributes,# of relationships,# of regions,# of unique objects (synsets),# of unique attributes (synsets),# of unique relationships (synsets),Average attribute inverse frequency (synsets),Average object inverse frequency (synsets),Average relationship inverse frequency (synsets),# of SAM segmentations,# of SAM 2 segmentations,# of FC-CLIP classes,average autoregressive surprisal,average masked surprisal,average masked surprisal for relationship predicate,|E|/|V| ratio,avg_region_similarity,avg_object_similarity,avg_rel_similarity,predicted_complexity,normalized_rating
1510,42,16,23,69,28,9,4,0.039278,0.026673,0.0007,236,65,9,8.540853769882865,8.303343343043673,3.790327801220659,0.77,-0.2162280529737472,-0.2703805565834045,-0.2405463308095932,0.6093,36.21
1518,40,42,42,49,25,13,3,0.203298,0.591096,0.009097,246,60,18,8.525734401884533,10.53134407921443,5.902799273294116,1.02,-0.2891359329223633,-0.2740589678287506,-0.3620264232158661,0.5837,47.89
1715,44,9,18,63,12,5,3,0.006072,0.009434,0.039424,365,79,9,6.375695864359538,5.207614150312212,2.005860818756952,0.63,-0.4927192330360412,-0.522411048412323,-0.6410634517669678,0.6306,19.05
3173,48,23,25,69,26,7,7,0.009329,0.038025,0.002501,207,37,9,8.168377723693848,8.414105056126912,3.3547685082753502,0.76,-0.3234623968601227,-0.3010834753513336,-0.2365690171718597,0.6137,44.81
3700,38,10,27,67,25,2,4,0.000449,0.018681,6.2e-05,272,65,6,7.891143445615415,8.028371940256218,3.372539767512569,0.85,-0.2618325650691986,-0.3088965117931366,-0.3014515936374664,0.5746,16.06
4276,46,15,31,60,23,12,4,0.173197,0.112391,0.000849,253,71,12,8.76970491101665,9.67111369102232,4.521791692703001,0.84,-0.2983631491661072,-0.3267796337604522,-0.2953461408615112,0.6027,38.97
4360,39,28,16,89,26,12,1,0.616161,0.394321,0.0,236,14,7,8.817306518554688,10.364327580233416,6.01431754976511,0.72,-0.3422908782958984,-0.2750806808471679,-0.1762418746948242,0.6643,33.42
4527,17,4,21,70,15,3,8,0.115257,0.790764,0.029401,53,4,3,8.315229279654366,8.669359915326782,4.083245341739957,1.1,-0.2547897696495056,-0.2684187293052673,-0.3016768991947174,0.5677,56.96
150406,42,17,27,58,28,12,7,0.721406,0.047486,0.026826,237,142,17,9.121970300321223,10.284546495955668,5.679902518237078,0.83,-0.2338032275438308,-0.2770102322101593,-0.2592664659023285,0.6525,71.77
286069,21,17,28,40,17,8,3,0.045001,0.049868,0.001278,34,31,4,8.134378024509974,9.57882885393642,5.70089278334663,1.11,-0.3293226659297943,-0.276075005531311,-0.3116336762905121,0.3656,51.16
498002,42,30,25,89,27,18,4,0.09916,0.08535,0.002887,217,121,22,8.524016819000245,8.546464931170146,3.71925529797872,0.82,-0.2372975051403045,-0.2818616330623626,-0.2275256365537643,0.683,96.73
498069,42,19,18,79,24,14,4,0.597778,0.055079,0.008347,246,145,17,8.213860697216457,9.35377888414595,4.963371594746907,0.7,-0.2747343480587005,-0.3179695308208465,-0.2609186470508575,0.6406,87.33
498391,43,31,24,70,31,13,3,0.056617,0.635354,0.001627,369,85,15,8.368984341621399,8.949451492892374,3.2749079399638705,0.81,-0.2356865555047989,-0.271513819694519,-0.210503339767456,0.7594,84.2
1592977,39,9,24,64,26,4,3,0.021952,0.075248,1.2e-05,244,44,12,8.49584843715032,9.268519902560444,5.233809808890025,0.79,-0.3101233541965484,-0.3239816725254059,-0.3547196984291076,0.6959,47.81
2412335,19,16,22,49,17,13,9,0.093074,0.072032,0.005316,45,11,5,8.701856244694103,10.316650565104052,5.9030641895352,1.05,-0.406527042388916,-0.3164632022380829,-0.5027235746383667,0.2938,44.56
2411092,48,40,65,50,30,24,10,0.727076,1.194112,0.022421,239,101,7,8.684591535421518,9.846765776152134,6.454491560275738,1.11,-0.2579824924468994,-0.3071946203708648,-0.3173351585865021,0.6181,22.3
2410826,44,38,29,50,29,21,7,0.36037,0.286541,0.007373,245,29,14,9.50168806931068,9.873168997380922,5.596990248252606,0.86,-0.1503413021564483,-0.2789072692394256,-0.1973435282707214,0.6478,71.3
2410734,49,19,21,50,39,10,4,0.33107,0.111828,9.6e-05,199,41,12,8.406462215241932,8.961880255123926,4.930874408237518,0.69,-0.2157788127660751,-0.2725489437580108,-0.2353262454271316,0.5705,53.56
2410682,44,46,32,50,30,26,5,0.102981,0.055646,0.000829,341,54,8,8.26671276986599,10.643468411018452,6.039114370942116,0.9,-0.2853714525699615,-0.289516270160675,-0.3263527750968933,0.748,56.64
2410490,42,32,42,50,24,13,2,0.191834,0.12431,2e-05,243,72,7,8.430093538193475,8.468628380628399,4.839898207831004,1.0,-0.2403206527233123,-0.3017046153545379,-0.4056856334209442,0.6263,75.01
2410466,44,29,19,39,22,17,6,0.196904,0.031022,0.008572,220,48,14,9.27156686782837,9.486707737571315,6.70349445259362,0.73,-0.1714712679386139,-0.2968910336494446,-0.2414531409740448,0.6079,39.0
2410242,39,61,32,50,27,23,6,0.329627,0.034535,0.005182,224,36,7,9.405170768499374,10.391058424611888,4.863814502954483,0.95,-0.2530967593193054,-0.2744951248168945,-0.2563502788543701,0.6476,75.0
2410043,38,12,33,50,37,11,13,7.024169,0.818289,0.619499,244,57,16,9.007500316157486,10.467229954401652,5.1620534814969465,0.94,-0.1780745238065719,-0.2623690962791443,-0.2076917588710785,0.5813,62.96
2409815,42,10,38,50,34,9,8,0.027018,0.361687,0.002349,305,116,4,8.806750071676154,9.667373778318105,5.391689415563616,0.96,-0.3003475368022918,-0.2369712144136428,-0.323880523443222,0.6519,39.05
2409779,45,41,50,50,26,18,12,0.046827,0.093784,0.022459,196,22,9,9.295111742019651,10.547443802197776,5.481057453155517,1.04,-0.1921272426843643,-0.2791299223899841,-0.2534058690071106,0.6069,84.47
2408800,17,31,22,50,13,16,5,0.644363,0.051974,0.002856,61,2,5,8.99956943772056,12.460195319219066,7.77647911418568,1.07,-0.2417262494564056,-0.347455084323883,-0.6311002969741821,0.4038,87.87
2407575,17,20,27,47,16,12,7,0.65281,0.135205,0.081216,28,4,6,8.870717136948198,10.328924839584916,3.8750243569597775,1.16,-0.4166395962238312,-0.3202567100524902,-0.47159144282341,0.3517,62.55
2406860,18,15,27,50,16,10,10,0.317237,0.056377,0.231506,51,12,5,9.078023839879918,9.836076074765051,6.286137607362536,1.15,-0.3577022552490234,-0.2876830101013183,-0.3321052491664886,0.3982,81.92
2406500,41,38,42,46,14,21,7,3.501124,0.483934,0.143663,352,37,4,9.467826116652716,10.469958377830563,6.954689707074847,1.01,-0.3987148404121399,-0.4384421408176422,-0.4595551490783691,0.6171,30.39
2406015,21,42,31,50,15,25,10,0.758491,0.834543,0.417209,25,4,2,8.59643703891385,9.288272001410045,4.043439613875522,1.11,-0.3046905994415283,-0.2681666910648346,-0.343088299036026,0.2055,18.99
2405882,17,25,19,49,17,16,12,0.073032,2.029053,0.012115,40,8,7,8.274582636983771,9.54018508509586,5.470730354911403,1.03,-0.3716157972812652,-0.3186014890670776,-0.3486367464065552,0.39,5.02
2405577,22,9,19,37,16,5,2,0.098807,0.127076,0.002433,28,8,2,8.438870329605905,9.22620893779554,3.8573955611178734,0.94,-0.2722328901290893,-0.3261127769947052,-0.3640707731246948,0.3633,32.92
2404804,17,14,20,50,16,12,2,0.080387,0.034248,0.000136,52,10,3,9.277760124206544,10.59759683529536,5.978579584757488,1.06,-0.261935293674469,-0.3099361062049866,-0.3349835574626922,0.4168,62.8
2403091,43,66,83,50,20,24,7,0.231851,1.812218,0.001553,287,30,3,8.070523330964237,8.99232221473173,4.653239528816867,1.21,-0.3135722279548645,-0.2984672486782074,-0.3616201281547546,0.5425,19.34
2402692,17,11,24,50,13,7,7,0.019595,0.119615,0.008974,43,2,3,8.873136242230734,9.340128901600838,4.526454869243834,1.13,-0.4394251704216003,-0.3050930500030517,-0.4264955818653106,0.4216,13.54
2402642,18,13,21,48,15,9,2,0.038565,0.011291,1e-05,39,11,4,7.103920187268939,7.388936971482777,3.4415948126051155,1.06,-0.2430513203144073,-0.2902224659919739,-0.30495086312294,0.3169,48.33
2402386,44,61,54,50,28,16,6,0.124093,0.126567,0.001432,237,35,11,9.85203527521204,10.20875431181472,5.974824399123958,1.06,-0.2238089442253112,-0.2652340829372406,-0.2180860787630081,0.6401,77.71
2402092,49,47,56,50,23,18,10,0.117167,0.031672,0.694213,430,68,5,9.52843415737152,11.597983272018883,7.285044247195834,1.05,-0.2551524639129638,-0.3572288453578949,-0.4289838969707489,0.5614,45.13
2401046,46,26,37,50,25,13,9,0.097517,0.069643,0.032083,261,32,9,9.011318503199396,9.876562844096002,4.416675464527027,0.92,-0.2776215374469757,-0.2991699278354645,-0.2907944023609161,0.6571,65.44
2400881,17,5,34,50,17,5,11,0.008636,0.212373,0.086879,24,6,4,8.339648372986737,9.56975459211013,5.238963800318101,1.3,-0.3135157823562622,-0.264925092458725,-0.3239324390888214,0.197,18.92
2400206,17,19,18,50,15,12,10,0.036097,0.065424,0.010577,37,13,3,8.699514044655693,9.593007076669622,5.593335747718811,1.02,-0.3191594183444977,-0.2505742013454437,-0.4283197522163391,0.3158,22.09
2399197,20,17,21,49,19,15,7,0.512518,0.484366,0.00103,38,10,3,8.643055189223517,9.522964461266046,5.476677273947095,1.02,-0.1820641607046127,-0.2513880133628845,-0.2863019704818725,0.3297,13.66
2398851,39,30,52,50,27,14,2,0.098383,1.343509,3.2e-05,227,37,11,9.39859194938953,10.71222780270454,6.2711897645241175,1.11,-0.1996518820524215,-0.2723493278026581,-0.3044500946998596,0.6251,86.79
2397940,19,13,17,41,15,9,7,0.806753,0.056023,0.003463,19,11,4,8.689666916342343,9.99656361318102,5.63176404728609,0.96,-0.344780296087265,-0.2676738202571869,-0.4958654344081878,0.219,0.21
2397554,22,18,30,49,19,9,11,0.002795,0.123108,0.01806,19,3,6,8.85036514600118,9.377260820335811,4.536835167143081,1.11,-0.2693078815937042,-0.2952657639980316,-0.361546516418457,0.3415,72.18
2397109,40,21,17,44,26,5,3,0.001497,0.032014,0.000931,280,42,12,8.355747166801901,8.494232116026037,3.5127183222303207,0.71,-0.2293993830680847,-0.274565190076828,-0.1938303411006927,0.6928,24.8
2396871,19,16,27,42,16,11,9,0.192326,0.035342,0.003049,48,10,6,8.357317129770914,10.206422642130908,5.479249297836681,1.13,-0.2286474257707595,-0.2700991034507751,-0.3112456798553467,0.3112,68.61
2396717,18,35,27,50,13,19,7,0.309795,0.105519,0.159626,25,5,2,9.550909731123182,9.717035461355138,3.4710061285230847,1.11,-0.3758398592472076,-0.3379959464073181,-0.6001598834991455,0.3607,33.29
2396444,21,26,18,49,19,18,3,0.170576,0.065661,0.005792,26,4,2,8.137455251481798,9.60676521725125,4.196529715149491,0.95,-0.30098357796669,-0.2876922190189361,-0.3146039247512817,0.4124,78.07
2396053,19,23,28,50,18,15,6,0.028282,0.029586,0.003567,29,5,3,7.613536425999233,9.042211926267262,4.188548776365462,1.13,-0.2874437570571899,-0.2725315392017364,-0.3287444412708282,0.3274,87.15
2395971,48,32,43,49,27,14,13,0.023195,0.156977,0.033273,275,62,11,8.563530223314153,9.032180665999418,5.239351093307022,0.96,-0.1984639912843704,-0.2552309334278106,-0.2513344883918762,0.7235,84.49
2395162,17,32,23,50,17,24,8,0.179676,0.033648,0.122748,22,4,4,8.39755854399308,10.209403190751008,4.637468621350717,1.08,-0.2655929625034332,-0.2764924168586731,-0.2607626318931579,0.2089,57.09
2395119,19,24,20,49,19,10,13,0.428675,0.059777,0.367593,43,8,3,10.181222414970398,11.509403081734972,7.416603267192841,1.02,-0.2438401728868484,-0.2617011964321136,-0.2824481725692749,0.4044,39.3
2394751,39,43,36,50,26,18,11,0.037642,0.363407,0.21372,258,75,26,7.932967901229858,8.308800645826985,3.9394282290229095,0.97,-0.3014475405216217,-0.2945034503936767,-0.3036963641643524,0.5965,38.72
2393724,20,14,22,47,18,9,12,7.222809,0.688901,0.020496,56,10,8,8.886773716319691,9.28034472321019,4.519514354792508,1.04,-0.2129552811384201,-0.2879216372966766,-0.2613238096237182,0.322,42.0
2393443,17,28,19,49,16,17,3,0.35027,0.026745,0.009476,30,8,5,8.283797389582583,9.349008493256152,5.393244580218666,1.03,-0.2172142416238784,-0.2831809520721435,-0.2009263783693313,0.2704,54.15
2392957,18,6,17,50,14,4,5,0.163053,0.081732,0.006792,51,11,5,8.807857990264893,9.725718407403855,4.617777263416963,0.98,-0.3240792453289032,-0.3167435526847839,-0.5500707030296326,0.4766,21.4
2392128,20,16,23,50,12,10,11,0.181457,0.078934,0.484349,46,6,3,8.065392183220904,7.971725571328314,4.545754954434823,1.05,-0.3447263240814209,-0.3393940925598144,-0.4955753982067108,0.2585,12.97
2391922,42,33,26,50,32,19,3,0.031728,0.379685,0.000555,212,38,18,8.514578965994028,9.67749808419755,4.805249467874185,0.84,-0.2763464450836181,-0.3019599020481109,-0.2959741353988647,0.5741,22.26
2390624,20,9,25,45,16,6,9,0.036843,0.075244,0.040245,32,11,4,8.382693939208984,9.44141507021586,5.110616054534912,1.09,-0.4337073862552643,-0.2792874574661255,-0.3699754476547241,0.4101,81.8
2390149,19,8,22,43,18,8,11,0.028282,0.061682,0.717006,22,3,5,9.648737820712002,11.315841459505489,7.899815877278645,1.06,-0.368320494890213,-0.2799347937107086,-0.3166705071926117,0.3235,56.61
2389493,42,46,37,50,21,21,8,0.048682,0.030417,0.011507,230,46,7,8.317734860085153,8.954969562925733,4.8819176012331305,0.96,-0.2714812457561493,-0.314322292804718,-0.4182230234146118,0.5283,24.75
2388442,18,12,17,39,13,5,4,0.004327,0.017584,0.029929,58,13,7,7.396338434780345,7.473888627287387,3.252243224312277,0.98,-0.2727331519126892,-0.3238007426261902,-0.4748514890670776,0.3978,78.14
2387887,17,50,24,50,12,24,3,0.207394,0.190984,5.5e-05,61,19,4,7.742204010486603,8.282098749279974,3.945073399278853,1.08,-0.3704230487346649,-0.3054494857788086,-0.4801633059978485,0.359,47.75
2387494,16,18,19,33,13,13,7,0.110877,0.204187,0.001931,40,9,3,7.624582792583265,10.565568683440228,6.000162906814039,1.06,-0.2970561683177948,-0.3338595628738403,-0.4055550098419189,0.3495,87.58
2387449,16,3,20,32,11,3,4,0.039826,0.033485,0.003348,48,12,4,7.968850493431091,9.56382151524226,4.678765604893366,1.1,-0.5042605400085449,-0.3008480072021484,-0.4549829065799713,0.4612,30.11
2386949,18,21,31,50,17,15,14,0.04736,0.114348,0.028587,64,14,8,8.348903071495794,8.779215423723885,4.788285678432834,1.19,-0.3799578547477722,-0.3367673754692077,-0.4681064486503601,0.4099,24.47
2386942,20,9,19,45,14,7,5,0.316742,0.025923,0.005055,26,0,4,8.773479486766615,11.52673773514597,8.409030142583346,0.98,-0.3362006843090057,-0.283505380153656,-0.4019429087638855,0.3253,36.12
2386608,16,22,19,50,14,13,2,0.015861,0.071688,6.6e-05,67,15,4,8.712573427903024,9.559271163689465,6.057202439559133,1.05,-0.3116830885410309,-0.3086794018745422,-0.4559113681316376,0.4185,8.44
2386422,16,23,17,50,15,16,4,0.080798,0.016675,0.001273,40,4,4,7.609862888560576,9.525347700306016,4.989139556884766,1.02,-0.3224982023239136,-0.2766789495944977,-0.3797668814659118,0.4424,50.78
2385903,16,22,23,50,13,15,4,0.110803,0.148811,0.000532,50,4,2,8.398314932118291,9.659027851491738,4.316395165263742,1.11,-0.4000469446182251,-0.3148395121097564,-0.4758231937885284,0.4317,16.38
2385901,16,47,16,49,10,23,8,0.265445,0.010981,0.707466,41,23,5,8.230376362800598,8.799069787703809,4.663164064288139,1.0,-0.2460082173347473,-0.3427127599716186,-0.3061310648918152,0.4333,50.78
2385405,19,13,23,50,16,7,4,0.10288,0.025991,0.012322,34,1,3,8.344876123511273,9.68817015523496,4.925293625264929,1.07,-0.2290639877319336,-0.3144584894180298,-0.3111803233623504,0.3002,99.86
2385264,16,22,45,49,10,12,2,0.525509,0.85903,5e-06,68,15,5,7.661994669172499,9.469808343453384,5.828701439610235,1.35,-0.4098196029663086,-0.4203778803348541,-0.4988720715045929,0.3145,0.0
2385156,49,34,35,49,29,16,8,0.262828,0.231757,0.009104,362,120,13,9.498284884861537,11.325044039090471,6.568418400628226,0.88,-0.2515906095504761,-0.2824920415878296,-0.3839243054389953,0.7442,68.91
2384477,18,34,27,50,16,19,14,0.086792,0.14515,0.024433,27,8,5,9.202260317625823,9.469729142718846,4.685132300412214,1.11,-0.299207478761673,-0.2955034673213959,-0.3743880093097687,0.2529,50.68
2383872,16,18,19,48,15,11,7,0.073749,0.013521,0.03801,61,11,7,9.762168382343493,9.7940655612109,6.405852861571731,1.06,-0.3267028629779815,-0.3173876106739044,-0.3831616640090942,0.3151,81.38
2383460,50,42,34,50,30,25,8,0.130919,0.03971,0.028785,280,115,15,9.3442782794728,10.18835693691291,4.675057163425521,0.87,-0.1756408512592315,-0.2932303249835968,-0.195270374417305,0.6855,65.65
2383202,20,14,19,42,18,13,6,0.138168,0.136631,0.07467,27,9,5,8.70420631609465,9.899898157621683,5.525024129633319,0.98,-0.3075165152549743,-0.2909360229969024,-0.4033443033695221,0.3794,74.96
2382750,21,19,19,50,21,12,8,1.607461,0.034152,0.019008,19,4,4,8.520309649015728,8.886386123874734,5.658424594946076,0.97,-0.2892151772975921,-0.2910162508487701,-0.4079492688179016,0.2965,50.77
2382025,16,12,22,42,14,5,6,0.064875,0.950583,1.520428,47,8,2,8.006522958928889,9.54795053510955,5.815876798196272,1.12,-0.3819913864135742,-0.3144572675228119,-0.4679288268089294,0.3232,62.25
2381982,20,29,18,50,11,17,4,0.316572,1.853204,0.063978,55,9,3,9.140895101759169,10.702586970505893,7.881393565071954,0.97,-0.2788427770137787,-0.3000062704086303,-0.2933680713176727,0.4772,33.06
2381839,17,23,29,50,15,15,10,0.18936,0.043396,0.012304,57,7,7,9.24444871113218,9.268868304395127,5.020553975269713,1.17,-0.2807402312755584,-0.3008146286010742,-0.2768884599208832,0.4934,33.56
2381061,22,31,22,41,14,13,8,0.605581,0.033173,0.021542,21,6,5,8.986834005876021,9.198989378683494,4.662441080266779,1.0,-0.3522256910800934,-0.3733077049255371,-0.3927273154258728,0.3034,62.92
2380940,20,14,17,50,15,11,11,0.089301,0.041089,0.291893,42,9,5,9.464878755457262,10.481706164397446,6.312038748872047,0.94,-0.3185645043849945,-0.2681186199188232,-0.3412275016307831,0.5014,16.23
2380767,16,12,17,50,16,9,8,0.012601,0.048671,0.009855,11,5,3,8.004688543431898,9.160996210341365,4.370102026883294,1.02,-0.2481882572174072,-0.2938127517700195,-0.3083259165287018,0.145,72.16
2379718,16,19,17,47,16,10,2,0.020084,1.280866,0.004898,56,8,4,7.996635044322295,7.763779190942353,4.398868266273947,1.02,-0.357012003660202,-0.2751356065273285,-0.5207939147949219,0.3438,38.95
2379305,16,19,25,46,14,13,5,1.978348,0.071795,0.005757,9,1,2,8.283630714416503,9.32316272354126,4.297206109364828,1.15,-0.3420145511627197,-0.2879545390605926,-0.3877407908439636,0.1787,10.75
2379084,18,24,19,44,16,17,2,0.893122,0.167438,3.3e-05,41,5,5,8.653399015727796,9.345115143374391,5.654393815157706,1.02,-0.3312323689460754,-0.3097359538078308,-0.4638673663139343,0.306,39.2
2378719,39,16,27,50,32,14,9,0.308563,0.851695,0.01395,226,39,19,7.538692297758879,8.197517127166561,3.8317405912611218,0.85,-0.1977280676364898,-0.2523664832115173,-0.1982253044843673,0.6715,77.99
2378347,18,20,16,50,13,9,4,0.031982,0.0356,0.16898,37,6,4,9.190770626068115,10.110407096147537,5.103099703788757,0.96,-0.3840188682079315,-0.3824166357517242,-0.4929383397102356,0.3514,33.01
2375842,40,46,34,50,25,19,12,0.123103,0.057275,0.611078,228,32,10,9.71832439478706,10.92239525692136,6.037244721954943,0.95,-0.2072040438652038,-0.2955339252948761,-0.2033559828996658,0.5857,78.27
2375051,22,14,26,49,14,11,11,0.209937,0.025194,0.021513,29,5,4,8.686245331397423,9.1342396406027,3.603392472633949,1.06,-0.3556969761848449,-0.3446857631206512,-0.4087889790534973,0.3842,30.48
2374977,40,21,21,50,21,10,9,0.262225,0.057164,0.02885,216,40,15,9.122348898933048,9.284719422002318,4.16765970351204,0.77,-0.2609166502952575,-0.2882722020149231,-0.2693223655223846,0.6996,77.78
2372788,38,8,16,50,26,5,7,0.020025,0.054938,0.006294,247,27,15,8.515744477510452,9.478869950771331,4.830185949802399,0.65,-0.1927966922521591,-0.2898950576782226,-0.2217091917991638,0.7171,50.95
2372606,17,8,21,50,16,8,12,0.132738,0.050337,0.057457,45,7,6,8.916668188004266,9.59318859425802,5.355303635672918,1.09,-0.3187952935695648,-0.2876855432987213,-0.4064118266105652,0.3881,62.46
2372121,17,32,32,49,16,24,12,0.128991,0.163431,0.018327,53,11,5,8.143305584788322,9.481596578905975,4.565853744745255,1.19,-0.289239764213562,-0.2575580477714538,-0.3155129551887512,0.3522,21.56
2371682,20,30,26,50,20,19,9,0.423496,0.113856,0.0353,48,8,6,8.498249824230488,10.14057067816074,4.686088727070735,1.08,-0.2286621332168579,-0.2787604331970215,-0.2400180101394653,0.3726,93.61
2371274,49,24,23,50,29,15,7,0.064443,0.018119,0.002931,311,62,12,9.20117295306662,9.977633644532467,5.165734360183494,0.73,-0.2037959545850753,-0.287167340517044,-0.2300244122743606,0.6604,44.61
2370000,46,43,43,49,29,21,10,0.190941,0.042862,0.028889,290,72,17,9.28149965197541,10.380797613313955,5.5843232343363205,0.98,-0.273277223110199,-0.3086236715316772,-0.360485315322876,0.573,36.17
2369390,19,25,31,50,17,14,10,0.565122,0.305311,0.015113,12,2,4,8.961069568510979,10.998121608969983,5.575817651646111,1.16,-0.3221039772033691,-0.2856745719909668,-0.4093608856201172,0.3718,47.86
2368853,19,10,17,50,14,4,4,0.212775,0.039031,0.020859,22,11,3,7.916865657357609,10.22233837959813,3.931238539078656,0.96,-0.3523876368999481,-0.3003190755844116,-0.408902108669281,0.4325,65.9
2368430,49,18,16,50,22,6,4,0.031581,0.111774,0.006879,210,39,14,8.623828113079071,9.387219432634968,4.15454829732577,0.6,-0.2317572832107544,-0.3361794352531433,-0.3687150180339813,0.6527,41.8
2367829,38,13,21,45,25,6,5,0.113443,0.045932,0.000183,283,25,10,8.409731002081008,9.528355397875348,4.584059601738339,0.76,-0.2535023093223572,-0.2347005605697631,-0.2996468245983124,0.6156,81.22
2367096,42,16,21,43,28,10,6,0.003211,0.157685,0.005776,231,53,9,8.811493283226376,9.445498142545183,5.1398541643506,0.73,-0.204369768500328,-0.2609321773052215,-0.3219503164291382,0.6898,77.84
2366562,20,30,20,50,16,22,8,0.864549,0.204987,0.039882,45,11,7,9.649899244308472,10.937127105792364,6.2809804002443945,1.0,-0.2470989823341369,-0.2927179932594299,-0.3308364748954773,0.3567,13.89
2366422,16,18,21,50,12,12,5,0.067283,0.014674,0.008401,26,5,3,8.341669536772228,9.807230631888858,6.953713746297927,1.09,-0.4129786789417267,-0.3390489518642425,-0.4513569474220276,0.3559,47.79
2366401,41,23,17,49,25,5,3,0.061901,0.767803,0.001098,297,43,18,8.359419850742116,10.095166573804969,4.597898918039658,0.7,-0.2644471228122711,-0.2868050932884216,-0.2698210775852203,0.6557,77.65
2366216,19,27,24,50,12,15,11,0.026584,0.027266,0.019727,50,20,5,8.546984056631723,8.70034819510248,3.978675994608137,1.07,-0.3498896956443786,-0.3584688305854797,-0.477757841348648,0.3422,18.8
2363897,49,20,19,49,39,14,5,0.053978,0.18275,0.008173,193,37,21,8.499699592590332,10.219284708039805,5.698039330934224,0.66,-0.2372960448265075,-0.2733192145824432,-0.2828733623027801,0.5734,44.88
2362754,18,14,20,41,9,8,7,0.173524,0.401821,0.025599,28,1,2,8.87447531223297,8.954490332206088,4.31739852031072,1.04,-0.3789542615413666,-0.4906882345676422,-0.5813996195793152,0.2568,33.43
2362623,17,12,18,50,12,10,7,0.036863,0.013572,0.020257,56,15,6,8.723724921544393,11.906643748283388,6.218459553188747,1.02,-0.3051202297210693,-0.3257748782634735,-0.3197498321533203,0.3974,44.95
2362260,39,11,27,50,34,6,9,0.015135,0.044769,0.016122,246,67,10,8.044122695922852,9.121677502879388,5.592798444959852,0.84,-0.201480746269226,-0.2535205483436584,-0.2004261314868927,0.6249,24.79
2361963,21,15,24,46,16,13,5,0.044962,0.033553,0.000924,39,8,4,8.191370844841003,8.82085422012541,5.209067947334713,1.05,-0.2564979791641235,-0.3026929795742035,-0.2971509099006653,0.4243,27.89
2361786,45,33,50,48,28,17,5,0.041934,0.01662,0.007174,249,38,11,8.742144289016723,9.671554700930912,5.283323249816895,1.04,-0.2557448744773865,-0.2842477560043335,-0.251965582370758,0.6511,48.04
2361522,20,9,26,49,17,7,8,0.10385,0.444481,1.647115,24,2,4,8.298228190495418,8.973473677879726,6.068679412206014,1.11,-0.4096563458442688,-0.3121489584445953,-0.4207212030887604,0.2807,18.65
2361431,50,11,18,48,31,7,10,0.236455,0.088595,0.007758,255,44,13,9.164430989159476,9.82795129970268,4.98196546236674,0.59,-0.158868059515953,-0.2553067803382873,-0.2144954353570938,0.6544,100.0
2360629,21,22,31,50,15,10,12,0.043531,0.035845,0.116847,33,8,3,8.870928118305821,9.239047622167936,5.663285706632881,1.14,-0.4477127492427826,-0.3278877735137939,-0.4446385502815246,0.3206,42.06
2360064,17,26,23,50,17,14,7,0.140239,0.136511,0.004583,57,13,9,6.899981851163118,7.58719058105911,3.2814796765645347,1.09,-0.3836386501789093,-0.2800674438476562,-0.3776591122150421,0.3825,33.37
2359046,17,33,20,50,16,19,9,0.055183,0.036569,0.049166,66,17,5,10.28289966583252,11.967710733413698,7.103331851959228,1.04,-0.2947725653648376,-0.2969762086868286,-0.3745523989200592,0.3954,93.55
2358947,45,19,26,50,32,11,9,0.035648,0.048201,0.007261,300,69,11,7.962603110533494,8.61438480248818,3.60432270857004,0.79,-0.2323956936597824,-0.2740826904773712,-0.2425216883420944,0.7893,87.31
2358409,17,17,22,49,14,12,10,0.192618,0.081436,0.010985,22,4,3,8.35089618509466,9.464477791569449,5.256121165824658,1.09,-0.2983139157295227,-0.3399657905101776,-0.3526906073093414,0.435,59.69
2358223,44,16,19,47,20,9,5,0.132772,0.599519,0.168037,342,41,11,9.155423164367676,9.841685261642724,4.241121944628264,0.68,-0.2230551987886428,-0.4088014364242553,-0.2740178108215332,0.6306,60.04
2358219,50,28,35,48,30,16,9,0.031553,0.126598,0.012566,282,76,10,8.736138084956577,8.311140082579893,3.413165598823911,0.87,-0.2118965834379196,-0.3187102079391479,-0.3045941889286041,0.759,62.79
2358119,49,21,32,50,27,7,9,0.093769,0.054099,0.001734,201,49,11,8.702419951558113,8.957647716005644,3.171203635632992,0.83,-0.1806949228048324,-0.2536384165287018,-0.198046013712883,0.5402,71.74
2357783,20,44,40,38,10,12,5,0.335722,0.033718,0.001398,32,4,2,8.976871395111084,11.93127064171292,6.3629373510678615,1.19,-0.3551184237003326,-0.3192029893398285,-0.5584725141525269,0.2298,38.74
2357707,19,31,20,50,17,15,5,0.128906,0.724848,0.002417,45,21,4,6.592514681816101,6.129634917463575,1.951525028546652,1.01,-0.318463921546936,-0.2641382813453674,-0.3816966712474823,0.3575,16.07
2356281,20,20,19,49,16,10,7,0.046551,0.051339,0.077775,39,4,3,8.658333577607808,9.922139105880468,6.440831887094598,0.98,-0.4201614558696747,-0.3444029986858368,-0.4320656061172485,0.3212,81.33
2356208,18,18,24,47,16,8,7,0.003289,0.150605,0.063706,20,4,3,9.438393771648409,10.139547525842984,6.335753411054611,1.1,-0.322508692741394,-0.3477208316326141,-0.3768861889839172,0.3051,38.87
2355303,40,24,16,49,20,12,6,0.006418,0.022752,0.004152,229,37,15,9.123660892248154,8.67214842190345,3.991774559020996,0.7,-0.2150266766548156,-0.2913388311862945,-0.2337241619825363,0.6702,78.4
2355298,45,9,19,50,22,4,9,0.070419,0.011794,0.019196,301,44,9,9.53368784251966,9.397384045835128,4.807101509027314,0.64,-0.2000018954277038,-0.3156354129314422,-0.2105122804641723,0.6886,51.0
2354325,46,16,16,50,29,6,6,0.017556,0.056409,0.007867,206,63,11,9.15259799361229,10.731295129160086,5.689208169778188,0.62,-0.2326975762844085,-0.2593554258346557,-0.2229684144258499,0.752,56.92
2354108,16,13,17,48,13,9,2,0.419323,0.038755,7.4e-05,31,8,5,7.33843219981474,8.434204361485499,3.890779915977927,1.02,-0.2576125264167785,-0.2779397070407867,-0.3010685741901397,0.3165,19.4
2353355,18,10,28,50,16,8,13,0.082939,0.062886,0.08789,30,3,3,9.255631038120814,10.109110384895688,6.481031222002847,1.18,-0.2700268924236297,-0.2998513877391815,-0.3512329161167145,0.3513,74.57
2352869,21,9,30,48,17,8,8,0.101004,0.038141,0.027252,40,5,9,8.86512819925944,9.181525626447463,4.527194801966349,1.15,-0.2818821668624878,-0.2902569770812988,-0.2389032840728759,0.4357,81.02
2352698,18,13,20,44,17,9,7,0.048163,0.030908,0.01073,54,12,4,9.141084480285643,9.740847201744714,4.772083950042725,1.04,-0.2511167824268341,-0.260058730840683,-0.3042260706424713,0.386,50.35
2352385,21,38,17,47,16,23,2,0.581659,0.074489,8.6e-05,26,9,3,8.429648876190186,8.879661457678852,3.930172476114012,0.95,-0.2343612164258957,-0.2987000644207001,-0.3598232567310333,0.2237,47.43
2352064,21,11,20,49,14,3,8,0.000846,0.03398,0.066595,49,9,2,8.839592242240906,10.002185284126371,4.137826800346375,0.98,-0.5475835800170898,-0.3370581269264221,-0.6140040159225464,0.3108,21.84
2351725,20,13,20,47,17,9,4,0.037548,0.031653,0.002664,53,6,2,8.452025437355042,9.591236197948456,4.240092571576436,1.0,-0.3657522797584533,-0.303947776556015,-0.4287813007831573,0.3254,44.75
2351394,48,19,23,50,32,8,6,0.033553,0.213718,0.006524,196,19,14,9.032109032506527,9.57085764615432,4.415183979531993,0.72,-0.2405363917350769,-0.2664446532726288,-0.1866301447153091,0.5903,33.14
2349948,40,5,24,50,22,5,12,1.819714,0.553303,0.081011,238,18,8,9.08533251285553,9.631242540478707,6.099884784883924,0.77,-0.2876941859722137,-0.3362424373626709,-0.2983009219169616,0.6468,99.57
2349737,47,21,26,50,19,6,9,0.000974,0.04616,0.04143,250,36,11,9.637153222010683,10.073985976439255,7.096484859784445,0.78,-0.2050565332174301,-0.3054219484329223,-0.2443072944879531,0.6825,87.53
2349701,44,13,20,48,30,7,3,0.002727,0.085929,0.000119,200,24,12,8.697749185562134,11.40734972993533,6.9787778615951535,0.69,-0.2697368562221527,-0.2917619943618774,-0.4018515348434448,0.6078,24.71
2349585,18,11,26,50,17,10,13,5.262585,2.831205,0.097539,42,4,5,9.524944800596971,10.206557458180647,5.918716274774992,1.15,-0.3382673859596252,-0.2643526494503021,-0.2801216244697571,0.2742,47.69
2349543,17,13,16,50,8,6,6,0.012099,0.301524,0.012438,23,4,2,8.720435380935669,10.083264242609342,7.474052260319392,0.98,-0.4236837923526764,-0.4191422164440155,-0.5858108401298523,0.132,53.87
2348722,51,21,21,50,26,8,10,0.119202,0.194646,0.009258,196,61,9,9.37179794765654,10.579162997669645,5.498078493844895,0.68,-0.2820523381233215,-0.2984167039394378,-0.341311514377594,0.6489,62.66
2348685,44,17,26,43,28,10,5,0.146231,0.016037,0.005766,208,51,11,8.327084981478178,8.508048366583312,4.17078178968185,0.79,-0.3404547870159149,-0.268936812877655,-0.3028880059719085,0.5626,47.72
2348072,20,20,20,48,16,13,7,0.096444,0.083778,0.059435,31,9,6,9.698248910903931,10.28900142510732,5.245976265271504,1.0,-0.2747842669486999,-0.3039066791534424,-0.2732798457145691,0.522,81.29
2346561,18,18,22,50,15,12,7,2.971045,2.028576,0.005096,43,5,3,9.272721767425535,11.372789438513964,8.120496912436051,1.07,-0.3369932472705841,-0.3055167496204376,-0.4288832545280456,0.332,50.61
2345685,41,5,23,50,30,5,8,0.153723,0.121951,0.090748,256,75,12,7.924668768177861,9.430058839849307,6.701262422229933,0.74,-0.3882099390029907,-0.3115343451499939,-0.4478577673435211,0.5434,72.34
2345568,51,45,36,50,33,18,9,0.055593,0.030887,0.005534,192,42,10,9.04593046506246,9.50532285085431,4.006241785155402,0.89,-0.1391772925853729,-0.2747115194797516,-0.1881755292415619,0.5956,78.29
2345351,47,28,17,50,28,16,6,0.078209,0.253277,0.465716,232,26,7,8.898824411280016,9.372751455680996,5.510519855162677,0.67,-0.3123501241207123,-0.2980607450008392,-0.3436295688152313,0.614,41.9
2345022,45,10,26,49,27,6,10,0.039454,0.01048,0.008411,213,21,11,9.049057722091677,9.766420085919208,5.190130762564831,0.77,-0.2846400439739227,-0.2972678542137146,-0.2651559710502624,0.5601,69.11
2344795,16,23,23,40,11,14,7,0.65283,0.045641,0.101112,47,11,3,8.117358518683393,9.662968262382178,4.563281017801036,1.11,-0.3343152105808258,-0.3306540250778198,-0.3825307488441467,0.3965,56.08
2343868,41,24,17,50,26,11,3,0.050445,0.0081,1.6e-05,323,52,15,8.143317026250502,9.852903198260886,4.835307312946694,0.71,-0.2858641445636749,-0.3323161005973816,-0.3492459058761596,0.6565,50.9
2343531,45,3,76,50,20,3,13,1.365107,0.092843,0.229203,226,25,8,7.963918422397814,9.4847817920055,4.744023790484981,1.25,-0.3892471492290497,-0.3178169727325439,-0.4586787819862366,0.6375,66.25
2343496,49,29,18,49,30,4,6,1.990108,0.146304,0.005796,340,99,9,9.454224480523004,9.633800974598635,5.78482625219557,0.68,-0.2162239700555801,-0.318681001663208,-0.3064622581005096,0.5713,53.81
2342925,51,24,25,49,36,12,11,0.079284,0.140365,0.015081,209,37,11,8.514135818481446,10.089973448435469,4.8001336542765305,0.74,-0.1878581345081329,-0.2792777121067047,-0.1895256638526916,0.6219,68.85
2342911,38,11,17,49,31,8,4,2.554197,0.10816,0.000842,284,54,19,8.7934372845818,10.526687131208533,4.577697618334902,0.68,-0.2639263570308685,-0.2674494683742523,-0.2621219158172607,0.6032,24.6
2342799,44,16,21,49,30,6,5,0.002134,0.283655,0.017783,641,223,15,8.270540282839821,9.847890201825944,5.987432616097586,0.72,-0.3020102977752685,-0.3913444876670837,-0.3735439777374267,0.7779,48.1
2342517,20,7,26,47,19,6,7,0.029683,0.033725,0.001927,18,4,4,8.13459324836731,8.572439010239346,4.935339988806309,1.11,-0.2171048671007156,-0.2909298241138458,-0.2623602151870727,0.276,38.88
2342060,17,24,16,48,11,10,2,0.080347,0.023421,7.1e-05,54,18,2,6.632977217435837,7.512726168760231,3.259032105406125,0.98,-0.3900171518325805,-0.3877149522304535,-0.5501521825790405,0.3272,39.01
2339617,20,11,17,50,16,9,6,2.00842,0.038156,0.002166,35,7,4,8.786490861107321,9.993069330851238,5.077459657893462,0.94,-0.3186742067337036,-0.3284932672977447,-0.4700267016887665,0.4471,24.43
2336813,43,10,34,50,27,9,7,0.260815,0.858948,0.003723,200,33,17,8.916552375344668,10.1460272325855,5.701551795005798,0.9,-0.2224379181861877,-0.2807846367359161,-0.3115237057209015,0.7084,68.9
2336669,43,6,28,70,31,6,4,4.349817,0.177999,0.002746,237,37,13,9.432581288473946,9.23969388944762,3.956412088303338,0.81,-0.2952341437339782,-0.260471910238266,-0.2085974365472793,0.6189,41.89
2336038,41,23,28,78,33,10,4,0.02729,0.117347,0.004747,238,34,8,7.772362743105207,8.63551044137705,5.369041442871094,0.86,-0.3453208208084106,-0.2701253890991211,-0.3579719662666321,0.5597,38.66
2334897,21,16,18,34,15,8,4,0.238146,0.029845,0.022115,44,5,2,7.826626194847955,8.14592205525706,5.65236563594253,0.95,-0.5278951525688171,-0.3041060268878937,-0.5380029082298279,0.2822,13.81
2334681,39,39,38,50,30,26,12,0.080451,1.667266,0.0239,266,38,12,8.833747788479453,9.117474365234374,3.826894101343657,0.99,-0.211276039481163,-0.2557036578655243,-0.1754540354013443,0.6817,90.16
2334660,38,14,24,50,24,10,8,0.100932,3.114054,0.051191,270,62,16,8.1863787372907,8.783124602834382,4.133725643157959,0.82,-0.2027626633644104,-0.266525536775589,-0.2576535642147064,0.6727,75.12
2334576,40,9,22,62,38,8,5,0.010961,0.059754,0.004748,207,36,17,7.820254065773704,7.753932231535643,3.5647398052793564,0.75,-0.2794882655143738,-0.2646912336349487,-0.2393829524517059,0.5799,45.5
2333576,39,15,16,75,32,10,3,0.067196,0.057399,0.002477,321,64,15,7.4316630363464355,7.235522073720182,4.2605555802583694,0.67,-0.1846258491277694,-0.2665684819221496,-0.1753092557191848,0.7221,53.9
2328910,43,21,27,73,24,11,3,0.015718,0.156691,1e-05,276,74,19,8.370870607870597,8.139317333551102,3.653960563518383,0.82,-0.3217212259769439,-0.3053668141365051,-0.3579164147377014,0.7155,13.74
2326294,43,39,36,47,32,22,3,0.628598,0.08498,8e-06,211,59,12,8.754898322953117,10.9353012420513,4.351429484508656,0.94,-0.2583837509155273,-0.2922395467758178,-0.2610222697257995,0.5764,93.65
2325751,47,18,22,50,23,8,7,0.572259,1.34631,0.010046,265,53,9,8.888270378112793,10.146819860284978,6.4764965953248925,0.71,-0.3754467666149139,-0.3094139695167541,-0.304988294839859,0.6917,68.89
2325748,18,28,23,49,15,15,5,0.101624,0.13394,0.012471,57,14,10,8.75697198121444,9.700515861442122,5.328282840010049,1.07,-0.2997546195983886,-0.2942038178443908,-0.3209509551525116,0.3328,5.34
2325679,45,22,18,38,25,6,3,0.00244,0.080227,0.000445,231,68,11,6.921162870195177,6.254716893920193,2.567193477242081,0.68,-0.2172362953424453,-0.2934435606002807,-0.1731602698564529,0.5776,27.73
2325199,17,0,33,50,12,0,8,0.0,0.037571,0.254508,42,9,5,8.079010833393443,7.477204981441966,4.1381602395664565,1.32,-0.3814053833484649,-0.3313567042350769,-0.4553930163383484,0.3967,13.39
2324752,47,25,18,40,28,13,3,0.250837,0.039752,0.000882,207,91,15,9.247985257042778,10.436791221300762,5.377837949328953,0.68,-0.1703421771526336,-0.2858741581439972,-0.181031048297882,0.7538,42.09
2324489,38,27,20,45,23,8,3,0.103647,0.116011,0.001509,249,96,14,8.091707015037537,9.32365974187851,3.908726763725281,0.79,-0.2507585883140564,-0.3113775253295898,-0.2734529078006744,0.5509,81.18
2324373,42,32,27,49,31,20,3,0.410897,0.643095,0.001929,247,83,26,8.948364116527417,11.104294756606771,6.811161891913708,0.85,-0.3055163323879242,-0.296308159828186,-0.3157666325569153,0.6268,50.4
2323271,38,15,20,45,25,8,4,0.014269,0.196749,0.001344,322,65,22,8.18416953086853,7.824122271935144,3.095353802045186,0.75,-0.2232789993286132,-0.2844686508178711,-0.2761814594268799,0.6992,71.81
2322663,43,20,20,48,29,15,4,0.022388,0.045554,0.003018,245,53,22,9.188160037994384,8.91661927898725,4.129133415222168,0.72,-0.178015649318695,-0.2866803705692291,-0.2233671098947525,0.6489,59.66
2322592,41,31,39,50,34,16,7,1.577427,0.202325,0.018692,311,32,10,8.289199364490997,10.014914148485556,4.928042360860058,0.98,-0.2188371419906616,-0.2519344091415405,-0.2246284782886505,0.6478,56.85
2322354,17,7,23,38,17,4,3,0.127255,0.130714,0.000645,36,3,3,9.347646713256836,10.402718056803163,5.538085688715396,1.13,-0.2654348313808441,-0.2854507267475128,-0.2900033593177795,0.3476,71.58
2322107,45,81,36,50,26,25,2,1.043282,0.029535,3.5e-05,289,46,17,8.988198942608303,9.230996860177433,4.5602572516158775,0.94,-0.1936937421560287,-0.3042434453964233,-0.3249567151069641,0.6954,68.63
2321128,42,21,34,47,23,14,4,0.464805,0.048856,0.017527,219,79,12,8.813620791715735,9.674698387875276,5.576200160325743,0.92,-0.2325057536363601,-0.2754488885402679,-0.2691363096237182,0.5904,45.0
2320626,45,19,19,40,24,9,3,0.103396,0.561348,0.000797,406,63,13,8.545081038224069,9.651557683645937,6.354640609339664,0.69,-0.2136402577161789,-0.2928598821163177,-0.3517566621303558,0.7089,75.04
2320061,18,15,20,42,16,9,1,0.03338,0.058356,0.0,51,10,2,7.874649906158448,9.111249318122866,4.112598776817322,1.04,-0.4123472869396209,-0.2824762463569641,-0.4770593643188476,0.4134,53.5
2319252,20,8,32,50,6,3,1,1.562642,0.147424,0.0,15,6,3,8.327180296182632,10.265473969280722,5.378378987312317,1.2,-0.5653289556503296,-0.4564018547534942,-0.7197400331497192,0.1474,53.94
2318319,20,10,20,48,10,7,2,0.002835,0.024398,0.002609,53,11,5,8.123679995536804,7.81401184275037,5.055130030711492,1.0,-0.4616662561893463,-0.4175653457641601,-0.6543156504631042,0.3829,44.9
2317792,22,31,29,46,16,9,2,0.049259,1.438096,0.000137,29,5,2,9.149336962864316,11.614457366658357,8.370749851752972,1.09,-0.3869108855724334,-0.3111858963966369,-0.5789973735809326,0.1986,10.4
2317284,40,23,19,42,31,13,8,0.844915,0.582885,0.008472,392,115,9,8.020549146752609,8.902348010790977,4.7507673188259725,0.74,-0.2839357256889343,-0.2973766922950744,-0.3445000946521759,0.6732,65.65
2317281,45,21,30,50,28,7,5,0.070989,0.094721,0.001068,220,28,9,7.342652257283529,8.266948175430299,5.632194723023309,0.84,-0.4201369285583496,-0.2967694103717804,-0.3982947468757629,0.5766,51.12
2317100,40,33,40,50,25,16,12,0.029523,0.102132,0.02043,305,81,13,9.250144815444946,9.428605204224583,5.446044874191284,1.0,-0.2310186922550201,-0.2836371064186096,-0.2667890191078186,0.6333,78.05
2316083,21,10,30,60,18,3,3,0.121221,0.046075,3.7e-05,46,4,3,8.354494984944662,8.741824792226158,4.848266895612081,1.15,-0.3682251274585724,-0.2921697199344635,-0.3679149448871612,0.4318,24.61
2414925,39,20,25,50,32,10,2,0.066592,0.18358,5e-06,305,63,8,7.850745792388916,8.553034378687542,3.861665951410929,0.83,-0.2929852306842804,-0.2915439307689667,-0.2863183319568634,0.5933,47.99
2413212,42,32,23,50,38,22,8,0.741035,0.734073,0.008331,225,52,8,8.797946100649627,11.12315016725789,5.5620684105417,0.8,-0.3068166077136993,-0.2429799139499664,-0.2328767776489257,0.5472,59.44
2412854,44,20,29,50,33,12,15,0.181825,0.323889,0.230062,227,50,16,8.591326187396872,9.223385846477814,4.958017140969463,0.84,-0.1901188343763351,-0.2760702073574066,-0.2307350784540176,0.648,72.09
2412446,48,10,18,50,30,8,6,0.256526,0.136131,0.003188,233,35,11,9.348487271202934,10.571718144858329,6.749677671326531,0.61,-0.2958448231220245,-0.3019227087497711,-0.2182460129261016,0.5702,56.97
2415569,21,3,16,72,11,3,5,0.001017,0.015277,0.031281,45,9,6,8.040418803691864,7.735217064619064,3.388032078742981,0.88,-0.3954958617687225,-0.3994456827640533,-0.3913526535034179,0.3592,62.79
